Date,Time,Student_ID,Name,Roll_Number,Department
2025-09-14,04:10:22,0,huy,125,biotechnology
2025-09-14,04:11:00,0,huy,125,biotechnology
2025-09-14,04:15:57,0,pqr,485,mirobiology
2025-09-14,04:16:37,0,pqr,485,mirobiology
2025-09-14,04:17:45,0,pqr,485,mirobiology
2025-09-14,04:17:45,0,pqr,485,mirobiology
2025-09-14,04:17:45,0,pqr,485,mirobiology
2025-09-14,04:17:59,0,pqr,485,mirobiology
2025-09-14,04:17:59,0,pqr,485,mirobiology
2025-09-14,04:17:59,0,pqr,485,mirobiology
2025-09-14,04:17:59,0,pqr,485,mirobiology
2025-09-14,04:17:59,0,pqr,485,mirobiology
2025-09-14,04:17:59,0,pqr,485,mirobiology
2025-09-14,04:17:59,0,pqr,485,mirobiology
2025-09-14,04:17:59,0,pqr,485,mirobiology
2025-09-14,04:17:59,0,pqr,485,mirobiology
2025-09-14,04:17:59,0,pqr,485,mirobiology
2025-09-14,04:17:59,0,pqr,485,mirobiology
2025-09-14,04:17:59,0,pqr,485,mirobiology
2025-09-14,04:25:07,0,rudrakshi,487,computer Application
